{
    "data": [{
        "id":1,
        "img": "http://img03.taobaocdn.com/bao/uploaded/i3/TB1vPczKFXXXXcaXpXXXXXXXXXX_!!0-item_pic.jpg",
        "title": "夏季男士拖鞋一字拖凉拖凉鞋潮拖男拖韩版潮流男鞋子夏天个性沙滩",
        "price":"32.00"
    }, {
        "id":2,
        "img": "http://img02.taobaocdn.com/bao/uploaded/i2/TB1o7RjHVXXXXXJXpXXXXXXXXXX_!!0-item_pic.jpg",
        "title": "英伦风一字潮男鞋凉拖鞋男士拖鞋夏季防滑个性沙滩鞋运动休闲凉鞋",
        "price":"31.00"
    }, {
        "id":3,
        "img": "http://img03.taobaocdn.com/bao/uploaded/i3/TB1bskaJVXXXXcFXFXXXXXXXXXX_!!0-item_pic.jpg",
        "title": "夏季人字拖男士个性潮人拖鞋一字拖潮男拖鞋韩版潮流防滑夏天托鞋",
        "price":"49.00"
    }, {
        "id":4,
        "img": "http://img03.taobaocdn.com/bao/uploaded/i3/TB1sURGKVXXXXavapXXXXXXXXXX_!!0-item_pic.jpg",
        "title": "semir男女拖鞋 2016夏季新款 情侣款凉拖鞋沙滩鞋子休闲韩版潮流",
        "price":"49.00"
    }, {
        "id":5,
        "img": "http://img02.taobaocdn.com/bao/uploaded/i2/TB1JLKFNXXXXXcrXFXXXXXXXXXX_!!0-item_pic.jpg",
        "title": "路拉迪简约休闲男士凉拖鞋夏季防滑家居一字拖鞋凉鞋沙滩鞋韩版潮",
        "price":"36.00"
    }, {
        "id":6,
        "img": "http://img02.taobaocdn.com/bao/uploaded/i2/TB18HnDMpXXXXcmXFXXXXXXXXXX_!!0-item_pic.jpg",
        "title": "新款夏季拖鞋男士真皮软牛皮拖鞋沙滩鞋男英伦皮拖鞋夹趾人字潮拖",
        "price":"59.00"
    }, {
        "id":7,
        "img": "http://img04.taobaocdn.com/bao/uploaded/i4/TB156BZKVXXXXa_apXXXXXXXXXX_!!0-item_pic.jpg",
        "title": "韩版潮流夏季家居家用防滑防臭室内塑料情侣洗澡浴室凉拖鞋男女",
        "price":"19.80"
    }, {
        "id":8,
        "img": "http://img04.taobaocdn.com/bao/uploaded/i4/TB156BZKVXXXXa_apXXXXXXXXXX_!!0-item_pic.jpg",
        "title": "韩版潮流夏季家居家用防滑防臭室内塑料情侣洗澡浴室凉拖鞋男女",
        "price":"19.80"
    }]
}
