{
    "data": [{
        "id":1,
        "img": "http://img03.taobaocdn.com/bao/uploaded/i3/TB1vPczKFXXXXcaXpXXXXXXXXXX_!!0-item_pic.jpg",
        "title": "夏季男士拖鞋一字拖凉拖凉鞋潮拖男拖韩版潮流男鞋子夏天个性沙滩",
        "price":"32.00 --refresh"
    }, {
        "id":2,
        "img": "http://img02.taobaocdn.com/bao/uploaded/i2/TB1o7RjHVXXXXXJXpXXXXXXXXXX_!!0-item_pic.jpg",
        "title": "英伦风一字潮男鞋凉拖鞋男士拖鞋夏季防滑个性沙滩鞋运动休闲凉鞋",
        "price":"31.00 --refresh"
    }, {
        "id":3,
        "img": "http://img03.taobaocdn.com/bao/uploaded/i3/TB1bskaJVXXXXcFXFXXXXXXXXXX_!!0-item_pic.jpg",
        "title": "夏季人字拖男士个性潮人拖鞋一字拖潮男拖鞋韩版潮流防滑夏天托鞋",
        "price":"49.00 --refresh"
    }, {
        "id":4,
        "img": "http://img03.taobaocdn.com/bao/uploaded/i3/TB1sURGKVXXXXavapXXXXXXXXXX_!!0-item_pic.jpg",
        "title": "semir男女拖鞋 2016夏季新款 情侣款凉拖鞋沙滩鞋子休闲韩版潮流",
        "price":"49.00 --refresh"
    }]
}
