{
  "data": [{
    "id": 1,
    "img": "http://img3.tbcdn.cn/tfscom/i3/TB1gUuqJFXXXXXiXVXXXXXXXXXX_!!0-item_pic.jpg",
    "title": "bangboy秋款港风韩版直筒口袋不包边设计纯黑松紧长裤潮男",
    "price": 118.00,
      "content": "<h1><img src=\"http://k.sinaimg.cn/n/sports/transform/20161023/JB_O-fxxaeqk5474447.jpg/w57017e.jpg\"></h1><p>是役双方门将都有不俗的发挥，而对阿森纳球迷而言，切赫的几次扑救确实都十分令人惊叹。本场比赛阿森纳空有控球优势，但绝对的进球机会甚至射门次数都不如对手，而切赫才是米堡这一晚一直无法逾越的屏障。</p><p>与英超另一名顶级门将德赫亚不同的是，切赫最大的特点并不是超神的反应速度，而是准确的预判和最合理的选择，比赛第19分钟，科斯切尔尼防守中出现失误，切赫先后扑出特劳雷的单刀和内格雷多的补射，不论是单刀时的选位还是二次反应做出的动作，34岁的切赫都已经做到了极致。而在第33分钟，拉米雷斯门前近在咫尺的头球又被站位极佳的切赫奋力扑出。甚至下半场切赫的表演都还没有结束，59分钟扑出特劳雷的斜射，以及几分钟后力拒对手的头槌——全场比赛米德尔斯堡11次射门4次射正，而这4次几乎每一次都可以“要了阿森纳的命”。</p>",
    "avatar_img": "http://img1.uullnn.com/2016/06/29/2016062910500067678hAs.jpg",
    "avatar_name": "A  jodi"
  }, {
    "id": 2,

    "img": "http://img1.tbcdn.cn/tfscom/i4/TB1QNYiJVXXXXc8XpXXXXXXXXXX_!!0-item_pic.jpg",
    "title": "YESMAN原创设计男装秋装新品男士休闲纯色九分裤青年工装裤男潮",
    "price": 35.00,
    "content": "<h1><img src=\"http://k.sinaimg.cn/n/sports/transform/20161023/PDZw-fxwztrw3621925.jpg/w570574.jpg\"></h1><p>新浪体育讯　　酋长球场，一场并不算特别乏味的0-0，中断了阿森纳联赛六连胜、各项赛事七连胜的脚步。米德尔斯堡踢得顽强，在有限的控球时间内打出了极有针对性的战略部署，而阿森纳这边，上赛季就暴露的一个问题，和本赛季其实一直存在的另一个问题，仍然没有解决。</p><p>第一个问题便是卡索拉不在的局面下，如何控制中场的问题。枪手本赛季目前为止发挥足够出色，当然和卡索拉为首的中场控制密切相关，31岁的西班牙老将在后腰位置上对球权的把握、对向前输送的合理选择都是有目共睹的。上轮面对卢多戈雷茨，卡索拉在第57分钟妙传厄齐尔得分后便被保护性换下，温格赛后和本场比赛赛前都证实西班牙中场“被踢了一下”，最终也让他无缘本场比赛的大名单。本场比赛前，卡索拉的511次成功传球数排在英超所有球员的第二位，足可见其重要性，也足可见其缺阵损失之大。</p><p>如今的阿森纳中场无法缺少卡索拉这一环，其实并不是本赛季的的结论。事实上，上赛季11月卡索拉在对阵诺维奇的比赛中重伤缺阵数月，被很多人认为是最终错失良机丢掉冠军的一大关键因素。再加上上轮比赛扎卡一时冲动染红离场，以及拉姆塞迟迟不能复出，本场阿森纳相当富足的后腰储备军团，竟然只有科奎林和埃尔内尼两位偏防守类型的球员可用，于是在进攻中缺乏层次感、缺乏创造力等问题，便非常容易凸显了。</p>",
    "avatar_img": "http://img1.uullnn.com/2016/06/29/20160629104959417891L2.jpg",
    "avatar_name": "搬德斯鸠"
  }, {
    "id": 3,

    "img": "http://img3.tbcdn.cn/tfscom/i3/TB1gUuqJFXXXXXiXVXXXXXXXXXX_!!0-item_pic.jpg",
    "title": "bangboy秋款港风韩版直筒口袋不包边设计纯黑松紧长裤潮男",
    "price": 118.00,

    "avatar_img": "http://img1.uullnn.com/2016/06/29/2016062910500067678hAs.jpg",
    "avatar_name": "A  jodi"
  }, {
    "id": 4,

    "img": "http://img3.tbcdn.cn/tfscom/i3/TB1gUuqJFXXXXXiXVXXXXXXXXXX_!!0-item_pic.jpg",
    "title": "bangboy秋款港风韩版直筒口袋不包边设计纯黑松紧长裤潮男",
    "price": 118.00,

    "avatar_img": "http://img1.uullnn.com/2016/06/29/2016062910500067678hAs.jpg",
    "avatar_name": "A  jodi"
  }, {
    "id": 5,

    "img": "http://img3.tbcdn.cn/tfscom/i3/TB1gUuqJFXXXXXiXVXXXXXXXXXX_!!0-item_pic.jpg",
    "title": "bangboy秋款港风韩版直筒口袋不包边设计纯黑松紧长裤潮男",
    "price": 118.00,

    "avatar_img": "http://img1.uullnn.com/2016/06/29/2016062910500067678hAs.jpg",
    "avatar_name": "A  jodi"
  }, {
    "id": 6,

    "img": "http://img3.tbcdn.cn/tfscom/i3/TB1gUuqJFXXXXXiXVXXXXXXXXXX_!!0-item_pic.jpg",
    "title": "bangboy秋款港风韩版直筒口袋不包边设计纯黑松紧长裤潮男",
    "price": 118.00,

    "avatar_img": "http://img1.uullnn.com/2016/06/29/2016062910500067678hAs.jpg",
    "avatar_name": "A  jodi"
  }, {
    "id": 7,

    "img": "http://img3.tbcdn.cn/tfscom/i3/TB1gUuqJFXXXXXiXVXXXXXXXXXX_!!0-item_pic.jpg",
    "title": "bangboy秋款港风韩版直筒口袋不包边设计纯黑松紧长裤潮男",
    "price": 118.00,

    "avatar_img": "http://img1.uullnn.com/2016/06/29/2016062910500067678hAs.jpg",
    "avatar_name": "A  jodi"
  }, {
    "id": 8,

    "img": "http://img3.tbcdn.cn/tfscom/i3/TB1gUuqJFXXXXXiXVXXXXXXXXXX_!!0-item_pic.jpg",
    "title": "bangboy秋款港风韩版直筒口袋不包边设计纯黑松紧长裤潮男",
    "price": 118.00,

    "avatar_img": "http://img1.uullnn.com/2016/06/29/2016062910500067678hAs.jpg",
    "avatar_name": "A  jodi"
  }]
}
