{
    "data":[
        {
            "img":"./images/2016102102410184802otRg.jpg_480x480.jpg",
            "title":"moremore肤色白的男生要怎样挑合适的衣服？",
            "det":"关于肤色这个问题，选择衣服颜色时的搭配就会显得尤为重要，无论是肤色黑的还是白的都会有一定的烦恼。 因此小编这期打算说一下",
            "type":"颜色搭配",
            "num":"166",
            "time":"2016/10/21 14:41:0"
        }
        ,
        {
            "img":"./images/2016102011023470553YYoV.jpg_480x480.jpg",
            "title":"moremore外套长短？该怎样选择鞋子！",
            "det":"对于男生来说，冬天搭配各种外套时也会烦恼怎样选择一双合适的鞋子，不仅要保暖还要好看。但如果你是习惯性一双运动鞋走过春夏秋",
            "type":"鞋子搭配",
            "num":"326",
            "time":"2016/10/20 11:02:46"
        }
        ,
        {
            "img":"./images/2016101911310388875yCin.jpg_480x480.jpg",
            "title":"moremore怎样才算从&ldquo;头&rdquo;开始帅？",
            "det":"冬天，除了脖子要保暖，还少不了的当然是头部，特别风一吹，不仅乱还冷，因此选择一个不错的帽子就显得尤为重要。 毛线帽其实除",
            "type":"毛线帽",
            "num":"703",
            "time":"2016/10/19 11:31:09"
        }
        ,
        {
            "img":"./images/2016101811251438845ffEh.jpg_480x480.jpg",
            "title":"moremore只要会穿，颜值50分也能提到90分！",
            "det":"每次小编发衣服搭配的时候总有好多人都说这都是看脸，虽说脸很重要，可是就算你长得很一般，只要会穿就已经很加分了！！！ 所以",
            "type":"搭配",
            "num":"717",
            "time":"2016/10/18 11:25:19"
        }
        ,
        {
            "img":"./images/2016101711282675848mAUq.jpg_480x480.jpg",
            "title":"moremore怎样才算从&ldquo;头&rdquo;开始帅？",
            "det":"冬天，除了脖子要保暖，还少不了的当然是头部，特别风一吹，不仅乱还冷，因此选择一个不错的帽子就显得尤为重要。 毛线帽其实除",
            "type":"毛线帽",
            "num":"703",
            "time":"2016/10/19 11:31:09"
        }
    ]
}
